[
{
    "model": "token_blacklist.outstandingtoken",
    "pk": 1,
    "fields": {
        "user": "afdbd33c-5f31-4672-93f1-8d1cad47bbcf",
        "jti": "04c47c3f88774280ae729fc56638a96c",
        "token": "eyJ0eXAiOiJKV1QiLCJhbGciOiJIUzI1NiJ9.eyJ0b2tlbl90eXBlIjoicmVmcmVzaCIsImV4cCI6MTYwOTQ4MzgzOSwianRpIjoiMDRjNDdjM2Y4ODc3NDI4MGFlNzI5ZmM1NjYzOGE5NmMiLCJ1c2VyX2lkIjoiYWZkYmQzM2MtNWYzMS00NjcyLTkzZjEtOGQxY2FkNDdiYmNmIn0.Cg_UxJaUo6yTGnawqyeDuzX8HF-H1ZzvviybNU0o9ls",
        "created_at": "2020-12-30T06:50:39.670Z",
        "expires_at": "2021-01-01T06:50:39Z"
    }
},
{
    "model": "token_blacklist.outstandingtoken",
    "pk": 2,
    "fields": {
        "user": "afdbd33c-5f31-4672-93f1-8d1cad47bbcf",
        "jti": "6a01590210964b2da92772240004fd29",
        "token": "eyJ0eXAiOiJKV1QiLCJhbGciOiJIUzI1NiJ9.eyJ0b2tlbl90eXBlIjoicmVmcmVzaCIsImV4cCI6MTYwOTQ4NTU5NiwianRpIjoiNmEwMTU5MDIxMDk2NGIyZGE5Mjc3MjI0MDAwNGZkMjkiLCJ1c2VyX2lkIjoiYWZkYmQzM2MtNWYzMS00NjcyLTkzZjEtOGQxY2FkNDdiYmNmIn0.QTO8bHtquibzvAGBTuYLUVJV5I-rN4ZMuXL3x1ts_sU",
        "created_at": "2020-12-30T07:19:56.520Z",
        "expires_at": "2021-01-01T07:19:56Z"
    }
},
{
    "model": "token_blacklist.outstandingtoken",
    "pk": 3,
    "fields": {
        "user": "afdbd33c-5f31-4672-93f1-8d1cad47bbcf",
        "jti": "23bdb305b0024ba09b747d15caec964f",
        "token": "eyJ0eXAiOiJKV1QiLCJhbGciOiJIUzI1NiJ9.eyJ0b2tlbl90eXBlIjoicmVmcmVzaCIsImV4cCI6MTYwOTQ4NTY1MiwianRpIjoiMjNiZGIzMDViMDAyNGJhMDliNzQ3ZDE1Y2FlYzk2NGYiLCJ1c2VyX2lkIjoiYWZkYmQzM2MtNWYzMS00NjcyLTkzZjEtOGQxY2FkNDdiYmNmIn0.Fx26WFCoJnqlfMHYrX6Nkw0I9h1itE_nuSBqbOUiaas",
        "created_at": "2020-12-30T07:20:52.862Z",
        "expires_at": "2021-01-01T07:20:52Z"
    }
},
{
    "model": "token_blacklist.outstandingtoken",
    "pk": 4,
    "fields": {
        "user": "afdbd33c-5f31-4672-93f1-8d1cad47bbcf",
        "jti": "51fb68b9c1a940feb5da6ce5a53af905",
        "token": "eyJ0eXAiOiJKV1QiLCJhbGciOiJIUzI1NiJ9.eyJ0b2tlbl90eXBlIjoicmVmcmVzaCIsImV4cCI6MTYwOTQ5MTUyOSwianRpIjoiNTFmYjY4YjljMWE5NDBmZWI1ZGE2Y2U1YTUzYWY5MDUiLCJ1c2VyX2lkIjoiYWZkYmQzM2MtNWYzMS00NjcyLTkzZjEtOGQxY2FkNDdiYmNmIn0.3g6GtgYOPP05Scsz_dVlMPYK5qRU-WQ3JItmZ4XB4m8",
        "created_at": "2020-12-30T08:58:49.083Z",
        "expires_at": "2021-01-01T08:58:49Z"
    }
},
{
    "model": "token_blacklist.outstandingtoken",
    "pk": 5,
    "fields": {
        "user": "afdbd33c-5f31-4672-93f1-8d1cad47bbcf",
        "jti": "e88cb4a3c2514ebba8ca409f49878d3e",
        "token": "eyJ0eXAiOiJKV1QiLCJhbGciOiJIUzI1NiJ9.eyJ0b2tlbl90eXBlIjoicmVmcmVzaCIsImV4cCI6MTYwOTQ5MTgwNSwianRpIjoiZTg4Y2I0YTNjMjUxNGViYmE4Y2E0MDlmNDk4NzhkM2UiLCJ1c2VyX2lkIjoiYWZkYmQzM2MtNWYzMS00NjcyLTkzZjEtOGQxY2FkNDdiYmNmIn0.v6BYZXq7Vl3DAEBsvSRHB0btJpdvgrQ9di6liEknVmc",
        "created_at": "2020-12-30T09:03:25.083Z",
        "expires_at": "2021-01-01T09:03:25Z"
    }
},
{
    "model": "token_blacklist.outstandingtoken",
    "pk": 6,
    "fields": {
        "user": "afdbd33c-5f31-4672-93f1-8d1cad47bbcf",
        "jti": "7f2fbd863dd5414c9e18b4ba3b853165",
        "token": "eyJ0eXAiOiJKV1QiLCJhbGciOiJIUzI1NiJ9.eyJ0b2tlbl90eXBlIjoicmVmcmVzaCIsImV4cCI6MTYwOTQ5MTkzOSwianRpIjoiN2YyZmJkODYzZGQ1NDE0YzllMThiNGJhM2I4NTMxNjUiLCJ1c2VyX2lkIjoiYWZkYmQzM2MtNWYzMS00NjcyLTkzZjEtOGQxY2FkNDdiYmNmIn0.zIhhhcN1PoirNG5uz7J4IIxTlqbzW5YzdRoMNLRYE10",
        "created_at": "2020-12-30T09:05:39.069Z",
        "expires_at": "2021-01-01T09:05:39Z"
    }
},
{
    "model": "token_blacklist.outstandingtoken",
    "pk": 7,
    "fields": {
        "user": "afdbd33c-5f31-4672-93f1-8d1cad47bbcf",
        "jti": "e66814f9466d43c883a5796434886b14",
        "token": "eyJ0eXAiOiJKV1QiLCJhbGciOiJIUzI1NiJ9.eyJ0b2tlbl90eXBlIjoicmVmcmVzaCIsImV4cCI6MTYwOTQ5MjQ0MiwianRpIjoiZTY2ODE0Zjk0NjZkNDNjODgzYTU3OTY0MzQ4ODZiMTQiLCJ1c2VyX2lkIjoiYWZkYmQzM2MtNWYzMS00NjcyLTkzZjEtOGQxY2FkNDdiYmNmIn0.BBDo44rG-H_mxCmOF6ycn6xIUvpl7ZIROdKFA8QwE-M",
        "created_at": "2020-12-30T09:14:02.823Z",
        "expires_at": "2021-01-01T09:14:02Z"
    }
},
{
    "model": "token_blacklist.outstandingtoken",
    "pk": 8,
    "fields": {
        "user": "afdbd33c-5f31-4672-93f1-8d1cad47bbcf",
        "jti": "b89f208f06d54594a06ba6df813265f0",
        "token": "eyJ0eXAiOiJKV1QiLCJhbGciOiJIUzI1NiJ9.eyJ0b2tlbl90eXBlIjoicmVmcmVzaCIsImV4cCI6MTYwOTQ5MjQ5MiwianRpIjoiYjg5ZjIwOGYwNmQ1NDU5NGEwNmJhNmRmODEzMjY1ZjAiLCJ1c2VyX2lkIjoiYWZkYmQzM2MtNWYzMS00NjcyLTkzZjEtOGQxY2FkNDdiYmNmIn0.e03W82_uuJiJAAylX2Vu0YcOlp-6sH54iCaGPKWBVZ0",
        "created_at": "2020-12-30T09:14:52.690Z",
        "expires_at": "2021-01-01T09:14:52Z"
    }
},
{
    "model": "token_blacklist.outstandingtoken",
    "pk": 9,
    "fields": {
        "user": "afdbd33c-5f31-4672-93f1-8d1cad47bbcf",
        "jti": "87710b7a5e74482cb63b5d9bb24c0dcf",
        "token": "eyJ0eXAiOiJKV1QiLCJhbGciOiJIUzI1NiJ9.eyJ0b2tlbl90eXBlIjoicmVmcmVzaCIsImV4cCI6MTYwOTQ5MjU2MSwianRpIjoiODc3MTBiN2E1ZTc0NDgyY2I2M2I1ZDliYjI0YzBkY2YiLCJ1c2VyX2lkIjoiYWZkYmQzM2MtNWYzMS00NjcyLTkzZjEtOGQxY2FkNDdiYmNmIn0.QIVF7PYJKCVGM2TWCYMF_toazf2wPnZLmCBx8v-nYcU",
        "created_at": "2020-12-30T09:16:01.290Z",
        "expires_at": "2021-01-01T09:16:01Z"
    }
},
{
    "model": "token_blacklist.outstandingtoken",
    "pk": 10,
    "fields": {
        "user": "afdbd33c-5f31-4672-93f1-8d1cad47bbcf",
        "jti": "a5d778c3acc641c1a642e0a8ffd08d21",
        "token": "eyJ0eXAiOiJKV1QiLCJhbGciOiJIUzI1NiJ9.eyJ0b2tlbl90eXBlIjoicmVmcmVzaCIsImV4cCI6MTYwOTQ5MjU5MiwianRpIjoiYTVkNzc4YzNhY2M2NDFjMWE2NDJlMGE4ZmZkMDhkMjEiLCJ1c2VyX2lkIjoiYWZkYmQzM2MtNWYzMS00NjcyLTkzZjEtOGQxY2FkNDdiYmNmIn0.QHZRpeEqA7V1GIOp4ua2eQyqXabhFRexQCnK-mT0jxs",
        "created_at": "2020-12-30T09:16:32.594Z",
        "expires_at": "2021-01-01T09:16:32Z"
    }
},
{
    "model": "token_blacklist.outstandingtoken",
    "pk": 11,
    "fields": {
        "user": "afdbd33c-5f31-4672-93f1-8d1cad47bbcf",
        "jti": "c0b51ac8597c47f29d2bd6430b3d6383",
        "token": "eyJ0eXAiOiJKV1QiLCJhbGciOiJIUzI1NiJ9.eyJ0b2tlbl90eXBlIjoicmVmcmVzaCIsImV4cCI6MTYwOTQ5MjY4OCwianRpIjoiYzBiNTFhYzg1OTdjNDdmMjlkMmJkNjQzMGIzZDYzODMiLCJ1c2VyX2lkIjoiYWZkYmQzM2MtNWYzMS00NjcyLTkzZjEtOGQxY2FkNDdiYmNmIn0.FYHjLakpQeiVeOOx4kNXQ_aPSvf-5LGmYY5mzzVmStw",
        "created_at": "2020-12-30T09:18:08.137Z",
        "expires_at": "2021-01-01T09:18:08Z"
    }
},
{
    "model": "token_blacklist.outstandingtoken",
    "pk": 12,
    "fields": {
        "user": "afdbd33c-5f31-4672-93f1-8d1cad47bbcf",
        "jti": "0eaf0c8d8e104ec6ad8403f3bcaabe67",
        "token": "eyJ0eXAiOiJKV1QiLCJhbGciOiJIUzI1NiJ9.eyJ0b2tlbl90eXBlIjoicmVmcmVzaCIsImV4cCI6MTYwOTQ5Mjg5MywianRpIjoiMGVhZjBjOGQ4ZTEwNGVjNmFkODQwM2YzYmNhYWJlNjciLCJ1c2VyX2lkIjoiYWZkYmQzM2MtNWYzMS00NjcyLTkzZjEtOGQxY2FkNDdiYmNmIn0.DMCAbObyUs3oqFEumc5yueLdMULo8vkv4iHQFKkdBFk",
        "created_at": "2020-12-30T09:21:33.453Z",
        "expires_at": "2021-01-01T09:21:33Z"
    }
},
{
    "model": "token_blacklist.outstandingtoken",
    "pk": 13,
    "fields": {
        "user": "afdbd33c-5f31-4672-93f1-8d1cad47bbcf",
        "jti": "7468bc75af45481d84fceb72236ab1f7",
        "token": "eyJ0eXAiOiJKV1QiLCJhbGciOiJIUzI1NiJ9.eyJ0b2tlbl90eXBlIjoicmVmcmVzaCIsImV4cCI6MTYwOTQ5MzE3NSwianRpIjoiNzQ2OGJjNzVhZjQ1NDgxZDg0ZmNlYjcyMjM2YWIxZjciLCJ1c2VyX2lkIjoiYWZkYmQzM2MtNWYzMS00NjcyLTkzZjEtOGQxY2FkNDdiYmNmIn0.yTIAzktZI9p4TiVvHj5_dGCCtPO0D_npYbK7XJN-AxA",
        "created_at": "2020-12-30T09:26:15.058Z",
        "expires_at": "2021-01-01T09:26:15Z"
    }
},
{
    "model": "token_blacklist.outstandingtoken",
    "pk": 14,
    "fields": {
        "user": "afdbd33c-5f31-4672-93f1-8d1cad47bbcf",
        "jti": "866a3baeaa354a63a6e49ed87b081ccb",
        "token": "eyJ0eXAiOiJKV1QiLCJhbGciOiJIUzI1NiJ9.eyJ0b2tlbl90eXBlIjoicmVmcmVzaCIsImV4cCI6MTYwOTQ5MzIxMSwianRpIjoiODY2YTNiYWVhYTM1NGE2M2E2ZTQ5ZWQ4N2IwODFjY2IiLCJ1c2VyX2lkIjoiYWZkYmQzM2MtNWYzMS00NjcyLTkzZjEtOGQxY2FkNDdiYmNmIn0.9KVHi7J5QfqGb7tF5gp1HuRqlyvaOQLsR5Hbbxa9OTI",
        "created_at": "2020-12-30T09:26:51.768Z",
        "expires_at": "2021-01-01T09:26:51Z"
    }
},
{
    "model": "token_blacklist.outstandingtoken",
    "pk": 15,
    "fields": {
        "user": "afdbd33c-5f31-4672-93f1-8d1cad47bbcf",
        "jti": "78c3a838a10c4adf878d676064b42123",
        "token": "eyJ0eXAiOiJKV1QiLCJhbGciOiJIUzI1NiJ9.eyJ0b2tlbl90eXBlIjoicmVmcmVzaCIsImV4cCI6MTYwOTQ5MzQ5OSwianRpIjoiNzhjM2E4MzhhMTBjNGFkZjg3OGQ2NzYwNjRiNDIxMjMiLCJ1c2VyX2lkIjoiYWZkYmQzM2MtNWYzMS00NjcyLTkzZjEtOGQxY2FkNDdiYmNmIn0.Lg55kDFgoMnFiMauPQ5cbIKnA1KbWgU5LqQct3EAzwE",
        "created_at": "2020-12-30T09:31:39.332Z",
        "expires_at": "2021-01-01T09:31:39Z"
    }
},
{
    "model": "token_blacklist.outstandingtoken",
    "pk": 16,
    "fields": {
        "user": "afdbd33c-5f31-4672-93f1-8d1cad47bbcf",
        "jti": "4362aa88efca46659fe21a4ea544069b",
        "token": "eyJ0eXAiOiJKV1QiLCJhbGciOiJIUzI1NiJ9.eyJ0b2tlbl90eXBlIjoicmVmcmVzaCIsImV4cCI6MTYwOTQ5MzUwNiwianRpIjoiNDM2MmFhODhlZmNhNDY2NTlmZTIxYTRlYTU0NDA2OWIiLCJ1c2VyX2lkIjoiYWZkYmQzM2MtNWYzMS00NjcyLTkzZjEtOGQxY2FkNDdiYmNmIn0.wnhfy5nUE9ZO5KOMYYAhKTYaBtHQoaRDN50HfbWNbtI",
        "created_at": "2020-12-30T09:31:46.230Z",
        "expires_at": "2021-01-01T09:31:46Z"
    }
},
{
    "model": "token_blacklist.outstandingtoken",
    "pk": 17,
    "fields": {
        "user": "afdbd33c-5f31-4672-93f1-8d1cad47bbcf",
        "jti": "58d7d80ec3ab4e4e954e19b142a78841",
        "token": "eyJ0eXAiOiJKV1QiLCJhbGciOiJIUzI1NiJ9.eyJ0b2tlbl90eXBlIjoicmVmcmVzaCIsImV4cCI6MTYwOTQ5MzU2MiwianRpIjoiNThkN2Q4MGVjM2FiNGU0ZTk1NGUxOWIxNDJhNzg4NDEiLCJ1c2VyX2lkIjoiYWZkYmQzM2MtNWYzMS00NjcyLTkzZjEtOGQxY2FkNDdiYmNmIn0.Hpnb70-Arg9eOpxEIkIeMlEyalxk1fQ1_OAJKzO2H_o",
        "created_at": "2020-12-30T09:32:42.247Z",
        "expires_at": "2021-01-01T09:32:42Z"
    }
},
{
    "model": "token_blacklist.outstandingtoken",
    "pk": 18,
    "fields": {
        "user": "afdbd33c-5f31-4672-93f1-8d1cad47bbcf",
        "jti": "f765b463aa7b442fbee245f7a614c783",
        "token": "eyJ0eXAiOiJKV1QiLCJhbGciOiJIUzI1NiJ9.eyJ0b2tlbl90eXBlIjoicmVmcmVzaCIsImV4cCI6MTYwOTQ5MzY0MCwianRpIjoiZjc2NWI0NjNhYTdiNDQyZmJlZTI0NWY3YTYxNGM3ODMiLCJ1c2VyX2lkIjoiYWZkYmQzM2MtNWYzMS00NjcyLTkzZjEtOGQxY2FkNDdiYmNmIn0.KNtGf1i2mr4RApFBdmsueumnMEPQYRH8OWmOv2FrJCk",
        "created_at": "2020-12-30T09:34:00.866Z",
        "expires_at": "2021-01-01T09:34:00Z"
    }
},
{
    "model": "token_blacklist.outstandingtoken",
    "pk": 19,
    "fields": {
        "user": "afdbd33c-5f31-4672-93f1-8d1cad47bbcf",
        "jti": "45b878d1b0de44d2be17ffa6c5758366",
        "token": "eyJ0eXAiOiJKV1QiLCJhbGciOiJIUzI1NiJ9.eyJ0b2tlbl90eXBlIjoicmVmcmVzaCIsImV4cCI6MTYwOTQ5MzkzMSwianRpIjoiNDViODc4ZDFiMGRlNDRkMmJlMTdmZmE2YzU3NTgzNjYiLCJ1c2VyX2lkIjoiYWZkYmQzM2MtNWYzMS00NjcyLTkzZjEtOGQxY2FkNDdiYmNmIn0.gGWe_rsss9Xtrh7d8wRK2fzaoubmyPYnP8fdCf1axYM",
        "created_at": "2020-12-30T09:38:51.808Z",
        "expires_at": "2021-01-01T09:38:51Z"
    }
},
{
    "model": "token_blacklist.outstandingtoken",
    "pk": 20,
    "fields": {
        "user": "afdbd33c-5f31-4672-93f1-8d1cad47bbcf",
        "jti": "84c47afe20ca46ff8f8dc56e8f40e396",
        "token": "eyJ0eXAiOiJKV1QiLCJhbGciOiJIUzI1NiJ9.eyJ0b2tlbl90eXBlIjoicmVmcmVzaCIsImV4cCI6MTYwOTQ5NTUwNiwianRpIjoiODRjNDdhZmUyMGNhNDZmZjhmOGRjNTZlOGY0MGUzOTYiLCJ1c2VyX2lkIjoiYWZkYmQzM2MtNWYzMS00NjcyLTkzZjEtOGQxY2FkNDdiYmNmIn0.6Wv_Uq2FOi75ZPiJQe2o60yD9WwsX0a1JsWsXSRpCuw",
        "created_at": "2020-12-30T10:05:06.417Z",
        "expires_at": "2021-01-01T10:05:06Z"
    }
},
{
    "model": "token_blacklist.outstandingtoken",
    "pk": 21,
    "fields": {
        "user": "afdbd33c-5f31-4672-93f1-8d1cad47bbcf",
        "jti": "20e016d9660f4389a65ca8a2f3aa8142",
        "token": "eyJ0eXAiOiJKV1QiLCJhbGciOiJIUzI1NiJ9.eyJ0b2tlbl90eXBlIjoicmVmcmVzaCIsImV4cCI6MTYwOTQ5NTg4MywianRpIjoiMjBlMDE2ZDk2NjBmNDM4OWE2NWNhOGEyZjNhYTgxNDIiLCJ1c2VyX2lkIjoiYWZkYmQzM2MtNWYzMS00NjcyLTkzZjEtOGQxY2FkNDdiYmNmIn0.5iQoBfqZ-Klz1wWInuMI7pzWS-cAPobBjQm1_tTmi8Y",
        "created_at": "2020-12-30T10:11:23.330Z",
        "expires_at": "2021-01-01T10:11:23Z"
    }
},
{
    "model": "token_blacklist.outstandingtoken",
    "pk": 22,
    "fields": {
        "user": "afdbd33c-5f31-4672-93f1-8d1cad47bbcf",
        "jti": "05ae9c604703459faa9981894de2aa0d",
        "token": "eyJ0eXAiOiJKV1QiLCJhbGciOiJIUzI1NiJ9.eyJ0b2tlbl90eXBlIjoicmVmcmVzaCIsImV4cCI6MTYwOTQ5NjE1NywianRpIjoiMDVhZTljNjA0NzAzNDU5ZmFhOTk4MTg5NGRlMmFhMGQiLCJ1c2VyX2lkIjoiYWZkYmQzM2MtNWYzMS00NjcyLTkzZjEtOGQxY2FkNDdiYmNmIn0.OQkMJcfRy-kMYIUSwTWVNIvueyD2BX_byc9RUYLrca0",
        "created_at": "2020-12-30T10:15:57.086Z",
        "expires_at": "2021-01-01T10:15:57Z"
    }
},
{
    "model": "token_blacklist.outstandingtoken",
    "pk": 23,
    "fields": {
        "user": "afdbd33c-5f31-4672-93f1-8d1cad47bbcf",
        "jti": "9066dd913c914c78938b92216fbeb053",
        "token": "eyJ0eXAiOiJKV1QiLCJhbGciOiJIUzI1NiJ9.eyJ0b2tlbl90eXBlIjoicmVmcmVzaCIsImV4cCI6MTYwOTQ5NjM1OCwianRpIjoiOTA2NmRkOTEzYzkxNGM3ODkzOGI5MjIxNmZiZWIwNTMiLCJ1c2VyX2lkIjoiYWZkYmQzM2MtNWYzMS00NjcyLTkzZjEtOGQxY2FkNDdiYmNmIn0.YGH_xHyhkzjuPfo6xQCJS5d39Wwa1lkqtNvcEmpcwXU",
        "created_at": "2020-12-30T10:19:18.962Z",
        "expires_at": "2021-01-01T10:19:18Z"
    }
},
{
    "model": "token_blacklist.outstandingtoken",
    "pk": 24,
    "fields": {
        "user": "afdbd33c-5f31-4672-93f1-8d1cad47bbcf",
        "jti": "f28027b1e6904d809a136adad4551d4e",
        "token": "eyJ0eXAiOiJKV1QiLCJhbGciOiJIUzI1NiJ9.eyJ0b2tlbl90eXBlIjoicmVmcmVzaCIsImV4cCI6MTYwOTQ5NjcxMSwianRpIjoiZjI4MDI3YjFlNjkwNGQ4MDlhMTM2YWRhZDQ1NTFkNGUiLCJ1c2VyX2lkIjoiYWZkYmQzM2MtNWYzMS00NjcyLTkzZjEtOGQxY2FkNDdiYmNmIn0.d9sHe5EQSDL35dsJj4osJDiASpnLAgRu5a1EbZC7Fzo",
        "created_at": "2020-12-30T10:25:11.719Z",
        "expires_at": "2021-01-01T10:25:11Z"
    }
},
{
    "model": "token_blacklist.outstandingtoken",
    "pk": 25,
    "fields": {
        "user": "afdbd33c-5f31-4672-93f1-8d1cad47bbcf",
        "jti": "6b952352c3a443a2b49d3b3d1ed8d7c2",
        "token": "eyJ0eXAiOiJKV1QiLCJhbGciOiJIUzI1NiJ9.eyJ0b2tlbl90eXBlIjoicmVmcmVzaCIsImV4cCI6MTYwOTUwMzM4OSwianRpIjoiNmI5NTIzNTJjM2E0NDNhMmI0OWQzYjNkMWVkOGQ3YzIiLCJ1c2VyX2lkIjoiYWZkYmQzM2MtNWYzMS00NjcyLTkzZjEtOGQxY2FkNDdiYmNmIn0.9BNK0VhJE-1xZIcZW-toSj2SrUVKH3VYpXh6vDvnSuo",
        "created_at": "2020-12-30T12:16:29.347Z",
        "expires_at": "2021-01-01T12:16:29Z"
    }
},
{
    "model": "token_blacklist.outstandingtoken",
    "pk": 26,
    "fields": {
        "user": "afdbd33c-5f31-4672-93f1-8d1cad47bbcf",
        "jti": "62674e0b75dc41df9274548800cc151d",
        "token": "eyJ0eXAiOiJKV1QiLCJhbGciOiJIUzI1NiJ9.eyJ0b2tlbl90eXBlIjoicmVmcmVzaCIsImV4cCI6MTYwOTUwOTE3OCwianRpIjoiNjI2NzRlMGI3NWRjNDFkZjkyNzQ1NDg4MDBjYzE1MWQiLCJ1c2VyX2lkIjoiYWZkYmQzM2MtNWYzMS00NjcyLTkzZjEtOGQxY2FkNDdiYmNmIn0.WIus4I6OJXdBRkOEvOqsGaxeSZ-gGf6vzk9uIep-Zh4",
        "created_at": "2020-12-30T13:52:58.815Z",
        "expires_at": "2021-01-01T13:52:58Z"
    }
},
{
    "model": "token_blacklist.outstandingtoken",
    "pk": 27,
    "fields": {
        "user": "afdbd33c-5f31-4672-93f1-8d1cad47bbcf",
        "jti": "05ab430b5bc840409543663085bc6e49",
        "token": "eyJ0eXAiOiJKV1QiLCJhbGciOiJIUzI1NiJ9.eyJ0b2tlbl90eXBlIjoicmVmcmVzaCIsImV4cCI6MTYwOTU2NjQ1MCwianRpIjoiMDVhYjQzMGI1YmM4NDA0MDk1NDM2NjMwODViYzZlNDkiLCJ1c2VyX2lkIjoiYWZkYmQzM2MtNWYzMS00NjcyLTkzZjEtOGQxY2FkNDdiYmNmIn0.tEaiWZ3R8Ke00ciS8caVZEuiMoDzr2iKb7LYf_Doh-A",
        "created_at": "2020-12-31T05:47:30.741Z",
        "expires_at": "2021-01-02T05:47:30Z"
    }
},
{
    "model": "token_blacklist.outstandingtoken",
    "pk": 28,
    "fields": {
        "user": "afdbd33c-5f31-4672-93f1-8d1cad47bbcf",
        "jti": "513c5d31ab434c0dae9e323044cfc958",
        "token": "eyJ0eXAiOiJKV1QiLCJhbGciOiJIUzI1NiJ9.eyJ0b2tlbl90eXBlIjoicmVmcmVzaCIsImV4cCI6MTYwOTU3MDY3NywianRpIjoiNTEzYzVkMzFhYjQzNGMwZGFlOWUzMjMwNDRjZmM5NTgiLCJ1c2VyX2lkIjoiYWZkYmQzM2MtNWYzMS00NjcyLTkzZjEtOGQxY2FkNDdiYmNmIn0.8J7EjEd56dM9mcs6Pmnqss9NAG-OsCrg5foDij5wz1E",
        "created_at": "2020-12-31T06:57:57.491Z",
        "expires_at": "2021-01-02T06:57:57Z"
    }
},
{
    "model": "token_blacklist.outstandingtoken",
    "pk": 29,
    "fields": {
        "user": "afdbd33c-5f31-4672-93f1-8d1cad47bbcf",
        "jti": "0232eef18e5749ae9654e89487efb6e8",
        "token": "eyJ0eXAiOiJKV1QiLCJhbGciOiJIUzI1NiJ9.eyJ0b2tlbl90eXBlIjoicmVmcmVzaCIsImV4cCI6MTYwOTU3NDM0NCwianRpIjoiMDIzMmVlZjE4ZTU3NDlhZTk2NTRlODk0ODdlZmI2ZTgiLCJ1c2VyX2lkIjoiYWZkYmQzM2MtNWYzMS00NjcyLTkzZjEtOGQxY2FkNDdiYmNmIn0.FAlodDPSTaLWaTziPiuPf6415kodkOC_ewGD5qF2fQ0",
        "created_at": "2020-12-31T07:59:04.488Z",
        "expires_at": "2021-01-02T07:59:04Z"
    }
},
{
    "model": "media.image",
    "pk": "00000000-0000-0000-0000-000000000001",
    "fields": {
        "description": "",
        "uploaded_at": "2021-01-01T10:51:04.237Z",
        "user": null,
        "src": "images/72805148_NDnWpWU.png"
    }
},
{
    "model": "media.image",
    "pk": "da4dcf13-af2e-4d44-ae1e-e20853c8d18a",
    "fields": {
        "description": null,
        "uploaded_at": "2021-01-01T10:28:57.604Z",
        "user": null,
        "src": "images/IMG_20201001_093757.jpg"
    }
},
{
    "model": "media.image",
    "pk": "e76d3921-4a1f-406e-ba67-384b0b9820e0",
    "fields": {
        "description": null,
        "uploaded_at": "2021-01-01T10:25:19.271Z",
        "user": null,
        "src": "images/IMG_20201001_093757.jpg"
    }
},
{
    "model": "users.user",
    "pk": "5ea62294-625f-4566-9d10-2099081f5c3b",
    "fields": {
        "password": "pbkdf2_sha256$216000$2D3DU10gjE6p$HXtoTNjZhn+kAyWIbgvaWgAT4XPJdBX2iX8072LY6Ss=",
        "last_login": null,
        "is_superuser": false,
        "email": "abdu@hpi.de",
        "username": "abdu",
        "is_staff": false,
        "is_active": true,
        "registered_at": "2020-12-31T08:01:42.785Z",
        "groups": [],
        "user_permissions": []
    }
},
{
    "model": "users.user",
    "pk": "680d0bb2-523f-4222-8fac-0d339bbb2804",
    "fields": {
        "password": "pbkdf2_sha256$216000$fQGncGs5PYPW$L75NfNSNAeJjj6Yb/0SC1nuOVQUtRar2RnHloNdLQfU=",
        "last_login": null,
        "is_superuser": false,
        "email": "tom@hpi.de",
        "username": "tom",
        "is_staff": false,
        "is_active": true,
        "registered_at": "2020-12-30T14:47:04.921Z",
        "groups": [],
        "user_permissions": []
    }
},
{
    "model": "users.user",
    "pk": "afdbd33c-5f31-4672-93f1-8d1cad47bbcf",
    "fields": {
        "password": "pbkdf2_sha256$216000$1U6DL3r7b0sn$XaQjuHZGM2ad2S3iB8ulJ0tHqOgmrAk6hbL1Ckf/cIw=",
        "last_login": "2020-12-31T07:59:21.375Z",
        "is_superuser": true,
        "email": "admin@hpi.de",
        "username": "admin",
        "is_staff": true,
        "is_active": true,
        "registered_at": "2020-12-30T06:42:45.824Z",
        "groups": [],
        "user_permissions": []
    }
},
{
    "model": "users.user",
    "pk": "f7b027d8-1478-4068-976b-8f44a403a014",
    "fields": {
        "password": "pbkdf2_sha256$216000$p55y1MJXpMcq$DMiPClagCweoxyGQxnuSx822hLubTSoLgIvEUbZ6k80=",
        "last_login": null,
        "is_superuser": false,
        "email": "emma@hpi.de",
        "username": "emma",
        "is_staff": false,
        "is_active": true,
        "registered_at": "2020-12-31T08:02:30.048Z",
        "groups": [],
        "user_permissions": []
    }
},
{
    "model": "users.profile",
    "pk": 1,
    "fields": {
        "user": "afdbd33c-5f31-4672-93f1-8d1cad47bbcf",
        "score": 453,
        "image": null
    }
},
{
    "model": "users.profile",
    "pk": 2,
    "fields": {
        "user": "680d0bb2-523f-4222-8fac-0d339bbb2804",
        "score": 123,
        "image": "00000000-0000-0000-0000-000000000001"
    }
},
{
    "model": "users.profile",
    "pk": 3,
    "fields": {
        "user": "5ea62294-625f-4566-9d10-2099081f5c3b",
        "score": 1342,
        "image": null
    }
},
{
    "model": "users.profile",
    "pk": 4,
    "fields": {
        "user": "f7b027d8-1478-4068-976b-8f44a403a014",
        "score": 0,
        "image": null
    }
},
{
    "model": "questions.comment",
    "pk": 1,
    "fields": {
        "body": "Pulvinar proin gravida hendrerit lectus. Nisi lacus sed viverra tellus in hac habitasse.",
        "created_at": "2020-12-30T12:18:17.711Z",
        "updated_at": "2020-12-31T08:12:37.421Z",
        "user": "680d0bb2-523f-4222-8fac-0d339bbb2804",
        "content_type": 16,
        "object_id": 1
    }
},
{
    "model": "questions.comment",
    "pk": 2,
    "fields": {
        "body": "Felis bibendum ut tristique et egestas quis",
        "created_at": "2020-12-30T12:18:26.473Z",
        "updated_at": "2020-12-31T08:12:37.422Z",
        "user": "f7b027d8-1478-4068-976b-8f44a403a014",
        "content_type": 16,
        "object_id": 1
    }
},
{
    "model": "questions.comment",
    "pk": 3,
    "fields": {
        "body": "Lacinia quis vel eros donec ac. Id aliquet risus feugiat in ante metus. Facilisis mauris sit amet massa vitae. Iaculis nunc sed augue lacus viverra vitae. Pulvinar proin gravida hendrerit lectus. Nisi lacus sed viverra tellus in hac habitasse.",
        "created_at": "2020-12-30T12:18:34.860Z",
        "updated_at": "2020-12-30T12:18:34.860Z",
        "user": "afdbd33c-5f31-4672-93f1-8d1cad47bbcf",
        "content_type": 17,
        "object_id": 1
    }
},
{
    "model": "questions.comment",
    "pk": 4,
    "fields": {
        "body": "Risus sed vulputate odio",
        "created_at": "2020-12-30T12:18:43.811Z",
        "updated_at": "2020-12-30T12:18:43.811Z",
        "user": "afdbd33c-5f31-4672-93f1-8d1cad47bbcf",
        "content_type": 17,
        "object_id": 1
    }
},
{
    "model": "questions.comment",
    "pk": 5,
    "fields": {
        "body": "Risus sed vulputate odio",
        "created_at": "2020-12-30T12:18:47.390Z",
        "updated_at": "2020-12-30T12:18:47.390Z",
        "user": "afdbd33c-5f31-4672-93f1-8d1cad47bbcf",
        "content_type": 17,
        "object_id": 1
    }
},
{
    "model": "questions.comment",
    "pk": 6,
    "fields": {
        "body": "Risus sed vulputate odio",
        "created_at": "2020-12-30T12:18:54.862Z",
        "updated_at": "2020-12-30T12:18:54.862Z",
        "user": "afdbd33c-5f31-4672-93f1-8d1cad47bbcf",
        "content_type": 17,
        "object_id": 2
    }
},
{
    "model": "questions.comment",
    "pk": 7,
    "fields": {
        "body": "Comment with $a \\in B$ and <python>`a += 1` code",
        "created_at": "2020-12-31T07:01:34.260Z",
        "updated_at": "2020-12-31T07:01:34.260Z",
        "user": "afdbd33c-5f31-4672-93f1-8d1cad47bbcf",
        "content_type": 16,
        "object_id": 3
    }
},
{
    "model": "questions.tagcategory",
    "pk": 2,
    "fields": {
        "name": "Lehrveranstaltungen",
        "description": "Alle Lehveranstaltungen am HPI"
    }
},
{
    "model": "questions.tagcategory",
    "pk": 3,
    "fields": {
        "name": "Organisation",
        "description": "Gremien des HPI"
    }
},
{
    "model": "questions.tagcategory",
    "pk": 5,
    "fields": {
        "name": "Qurry",
        "description": "All questions about Qurry."
    }
},
{
    "model": "questions.tagcategory",
    "pk": 6,
    "fields": {
        "name": "-",
        "description": ""
    }
},
{
    "model": "questions.tag",
    "pk": 1,
    "fields": {
        "name": "ma3",
        "description": "Mathematik 3",
        "category": 2
    }
},
{
    "model": "questions.tag",
    "pk": 2,
    "fields": {
        "name": "ti1",
        "description": "Theoretische Informatik 1",
        "category": 2
    }
},
{
    "model": "questions.tag",
    "pk": 3,
    "fields": {
        "name": "isec",
        "description": "Internet Security",
        "category": 2
    }
},
{
    "model": "questions.tag",
    "pk": 4,
    "fields": {
        "name": "fsr",
        "description": "Fachschaftsrat",
        "category": 3
    }
},
{
    "model": "questions.tag",
    "pk": 5,
    "fields": {
        "name": "stupa",
        "description": "Studienparlament",
        "category": 3
    }
},
{
    "model": "questions.tag",
    "pk": 6,
    "fields": {
        "name": "faq",
        "description": "Frequently Asked Questions about Qurry.",
        "category": 5
    }
},
{
    "model": "questions.question",
    "pk": 1,
    "fields": {
        "body": "Nullam bibendum quis metus vel mattis. Integer scelerisque, nisi eu viverra tristique, libero orci blandit tellus, in luctus mi mi eu lacus. Donec luctus condimentum porttitor. Nullam mattis varius risus in tempus. Sed rhoncus mattis urna, accumsan elementum arcu tristique eget. Curabitur auctor auctor posuere. Etiam in lacus augue. Aenean sed sollicitudin nisl, nec vestibulum diam. Suspendisse fringilla nulla at mattis laoreet. Nullam vel enim diam. Duis et nisi viverra, venenatis justo mattis, egestas ipsum. Nam mattis mauris eget dignissim rhoncus. Nam velit turpis, tempor sed pellentesque id, gravida ut magna. Duis vestibulum iaculis gravida. In bibendum vel augue at porttitor. Nunc tempor ipsum nibh, ac placerat eros vulputate sit amet.",
        "created_at": "2020-12-30T07:14:23.356Z",
        "updated_at": "2020-12-31T08:12:37.418Z",
        "user": "afdbd33c-5f31-4672-93f1-8d1cad47bbcf",
        "title": "Question with a lot of text, answers, comments",
        "tags": [
            6
        ],
        "vote_up_users": [
            "5ea62294-625f-4566-9d10-2099081f5c3b",
            "680d0bb2-523f-4222-8fac-0d339bbb2804",
            "f7b027d8-1478-4068-976b-8f44a403a014"
        ],
        "vote_down_users": []
    }
},
{
    "model": "questions.question",
    "pk": 2,
    "fields": {
        "body": "This question has all available tags.",
        "created_at": "2020-12-30T08:10:35.854Z",
        "updated_at": "2020-12-31T08:09:24.158Z",
        "user": "afdbd33c-5f31-4672-93f1-8d1cad47bbcf",
        "title": "Question with all tags",
        "tags": [
            1,
            2,
            3,
            4,
            5,
            6
        ],
        "vote_up_users": [],
        "vote_down_users": []
    }
},
{
    "model": "questions.question",
    "pk": 3,
    "fields": {
        "body": "This is some inline css <css>`body { background-color: lightblue; }` and some inline python <python>`h_letters = [ letter for letter in 'human' ]`.You can escape backticks ` with a backslash <python>`print('hel\\`lo')`. You can also use $a \\in \\mathbb{N}$ inline latex. Block code is also possible:\n\n<python>```\nh_letters = []\n\nfor letter in 'human':\n    h_letters.append(letter)\n\nprint(h_letters)\n```\nWhat about some block latex?\n$$\\sum_i^ni=\\frac{a}{b}$$\n\n<html>```<h1>This is some html </h1>```\n\nAwesome!\n\nHere is some more inline html: <html>`<p></p><a href=\"#\">link</a>`",
        "created_at": "2020-12-30T12:21:18.035Z",
        "updated_at": "2020-12-31T08:09:47.430Z",
        "user": "afdbd33c-5f31-4672-93f1-8d1cad47bbcf",
        "title": "Question with inline and block code print('hello') and latex $a+b$ using prism and mathjax",
        "tags": [
            6
        ],
        "vote_up_users": [],
        "vote_down_users": []
    }
},
{
    "model": "questions.answer",
    "pk": 1,
    "fields": {
        "body": "Lorem ipsum dolor sit amet, consectetur adipiscing elit, sed do eiusmod tempor incididunt ut labore et dolore magna aliqua. Etiam dignissim diam quis enim lobortis scelerisque. Congue eu consequat ac felis donec. Et magnis dis parturient montes. At risus viverra adipiscing at in tellus integer feugiat scelerisque. Nisl nisi scelerisque eu ultrices vitae auctor eu. Magna fermentum iaculis eu non diam phasellus vestibulum. Ultricies integer quis auctor elit sed vulputate mi. Quam adipiscing vitae proin sagittis nisl. Blandit aliquam etiam erat velit scelerisque. Proin nibh nisl condimentum id venenatis a condimentum vitae. Neque egestas congue quisque egestas diam in arcu cursus. Porttitor leo a diam sollicitudin tempor id eu nisl. Quam adipiscing vitae proin sagittis nisl rhoncus mattis. At auctor urna nunc id. Ac turpis egestas maecenas pharetra convallis posuere morbi leo. Mi proin sed libero enim sed faucibus turpis in eu.",
        "created_at": "2020-12-30T12:17:44.462Z",
        "updated_at": "2020-12-31T08:12:04.290Z",
        "user": "5ea62294-625f-4566-9d10-2099081f5c3b",
        "question": 1,
        "vote_up_users": [
            "680d0bb2-523f-4222-8fac-0d339bbb2804",
            "afdbd33c-5f31-4672-93f1-8d1cad47bbcf",
            "f7b027d8-1478-4068-976b-8f44a403a014"
        ],
        "vote_down_users": []
    }
},
{
    "model": "questions.answer",
    "pk": 2,
    "fields": {
        "body": "Tellus rutrum tellus pellentesque eu tincidunt tortor aliquam nulla. Purus ut faucibus pulvinar elementum integer enim. Faucibus a pellentesque sit amet porttitor eget dolor morbi. Non odio euismod lacinia at quis risus sed vulputate odio. Vel fringilla est ullamcorper eget nulla facilisi etiam dignissim diam. Parturient montes nascetur ridiculus mus mauris vitae ultricies leo integer.",
        "created_at": "2020-12-30T12:17:56.888Z",
        "updated_at": "2020-12-31T08:12:04.292Z",
        "user": "f7b027d8-1478-4068-976b-8f44a403a014",
        "question": 1,
        "vote_up_users": [],
        "vote_down_users": [
            "680d0bb2-523f-4222-8fac-0d339bbb2804"
        ]
    }
},
{
    "model": "questions.answer",
    "pk": 3,
    "fields": {
        "body": "Enim ut sem viverra aliquet. Enim ut tellus elementum sagittis vitae. Vitae justo eget magna fermentum iaculis eu. Rhoncus dolor purus non enim praesent elementum facilisis leo. Volutpat diam ut venenatis tellus in metus vulputate. Congue eu consequat ac felis donec et odio pellentesque. Consequat interdum varius sit amet. Lacinia at quis risus sed vulputate odio. Enim ut sem viverra aliquet eget sit amet. Aenean pharetra magna ac placerat vestibulum lectus.",
        "created_at": "2020-12-30T12:18:04.943Z",
        "updated_at": "2020-12-31T08:12:04.294Z",
        "user": "680d0bb2-523f-4222-8fac-0d339bbb2804",
        "question": 1,
        "vote_up_users": [],
        "vote_down_users": []
    }
},
{
    "model": "questions.answer",
    "pk": 4,
    "fields": {
        "body": "Answer with $$a+b$$ and <html>```<h1>Hello</h1>``` I lik!",
        "created_at": "2020-12-31T07:03:42.404Z",
        "updated_at": "2020-12-31T07:03:42.404Z",
        "user": "afdbd33c-5f31-4672-93f1-8d1cad47bbcf",
        "question": 3,
        "vote_up_users": [],
        "vote_down_users": []
    }
}
]
