[
{
    "model": "media.image",
    "pk": "01a4840c-8246-4b00-913b-8c1b47b277af",
    "fields": {
        "uploaded_at": "2021-02-06T21:30:35.995Z",
        "user": "318f9fe5-75ac-4ef6-b605-d0f9a0752ce9",
        "src": "development/images/DSC_1137_RFSxZu2.jpg"
    }
},
{
    "model": "media.image",
    "pk": "0b11116b-6bd6-4383-a776-59a952dfea60",
    "fields": {
        "uploaded_at": "2021-01-31T10:34:37.953Z",
        "user": "0ddb5750-3159-48f9-90e6-10cfc581a7c3",
        "src": "development/images/zucker.png"
    }
},
{
    "model": "media.image",
    "pk": "0b53a035-3e55-4557-9d3d-8a84a06c8ca4",
    "fields": {
        "uploaded_at": "2021-02-06T21:26:35.694Z",
        "user": "318f9fe5-75ac-4ef6-b605-d0f9a0752ce9",
        "src": "development/images/DSC_1137_s1cUKeK.jpg"
    }
},
{
    "model": "media.image",
    "pk": "14594b3a-a8ef-4910-9110-e9ca50ac8bec",
    "fields": {
        "uploaded_at": "2021-02-07T19:15:40.880Z",
        "user": "318f9fe5-75ac-4ef6-b605-d0f9a0752ce9",
        "src": "development/images/14594b3a-a8ef-4910-9110-e9ca50ac8bec/DSC_1137.jpg"
    }
},
{
    "model": "media.image",
    "pk": "20869e7f-bc7c-4774-9e83-633bb6b500b6",
    "fields": {
        "uploaded_at": "2021-02-02T05:48:57.304Z",
        "user": "318f9fe5-75ac-4ef6-b605-d0f9a0752ce9",
        "src": "development/images/Screenshot_from_2021-02-01_18-08-46_3yOhedv.png"
    }
},
{
    "model": "media.image",
    "pk": "2193a2f2-47dd-4f4b-ad74-c1694d84aaf2",
    "fields": {
        "uploaded_at": "2021-01-31T10:41:05.696Z",
        "user": "0ddb5750-3159-48f9-90e6-10cfc581a7c3",
        "src": "development/images/zucker_ezANqFd.png"
    }
},
{
    "model": "media.image",
    "pk": "4e5b3036-eec5-4574-81b4-bc9490e60ed5",
    "fields": {
        "uploaded_at": "2021-02-02T06:04:35.539Z",
        "user": "318f9fe5-75ac-4ef6-b605-d0f9a0752ce9",
        "src": "development/images/Screenshot_from_2021-02-01_18-08-46_slxUgQb.png"
    }
},
{
    "model": "media.image",
    "pk": "51d2eaa0-25c3-4ffc-b096-c05835709b4e",
    "fields": {
        "uploaded_at": "2021-02-02T06:00:16.263Z",
        "user": "318f9fe5-75ac-4ef6-b605-d0f9a0752ce9",
        "src": "development/images/Screenshot_from_2021-02-01_18-08-46_LK5P4p9.png"
    }
},
{
    "model": "media.image",
    "pk": "570e564c-8d01-46b2-b176-5c14c789a42b",
    "fields": {
        "uploaded_at": "2021-02-01T09:37:49.740Z",
        "user": "318f9fe5-75ac-4ef6-b605-d0f9a0752ce9",
        "src": "development/images/zucker_3xNjwTW.png"
    }
},
{
    "model": "media.image",
    "pk": "5caa79f2-71be-41e9-93fa-68078f9e3d7c",
    "fields": {
        "uploaded_at": "2021-02-06T17:13:12.435Z",
        "user": "318f9fe5-75ac-4ef6-b605-d0f9a0752ce9",
        "src": "development/images/DSC_1137_iGBnr6y.jpg"
    }
},
{
    "model": "media.image",
    "pk": "64d58413-e325-42eb-9e1e-e0ebfa782e5a",
    "fields": {
        "uploaded_at": "2021-01-31T10:35:20.552Z",
        "user": "0ddb5750-3159-48f9-90e6-10cfc581a7c3",
        "src": "development/images/thetagraph_SsWDWZT.png"
    }
},
{
    "model": "media.image",
    "pk": "66344426-92cd-4111-ad15-1d2926c9334b",
    "fields": {
        "uploaded_at": "2021-02-01T17:09:12.741Z",
        "user": "318f9fe5-75ac-4ef6-b605-d0f9a0752ce9",
        "src": "development/images/Screenshot_from_2021-02-01_18-08-46.png"
    }
},
{
    "model": "media.image",
    "pk": "7f0b3379-610c-4862-b8a0-3f81755f2a5f",
    "fields": {
        "uploaded_at": "2021-02-02T06:05:27.209Z",
        "user": "318f9fe5-75ac-4ef6-b605-d0f9a0752ce9",
        "src": "development/images/Screenshot_from_2021-01-31_09-11-23.png"
    }
},
{
    "model": "media.image",
    "pk": "8bd12cef-d82d-4037-ac17-fd75fef6e990",
    "fields": {
        "uploaded_at": "2021-02-02T06:06:51.868Z",
        "user": "318f9fe5-75ac-4ef6-b605-d0f9a0752ce9",
        "src": "development/images/Screenshot_from_2021-02-01_18-08-46_7yiNN9G.png"
    }
},
{
    "model": "media.image",
    "pk": "8eb9f698-9611-47ba-aba1-d764126e34d9",
    "fields": {
        "uploaded_at": "2021-01-30T17:01:31.092Z",
        "user": "0ddb5750-3159-48f9-90e6-10cfc581a7c3",
        "src": "development/images/thetagraph.png"
    }
},
{
    "model": "media.image",
    "pk": "9ff37be4-b837-45dd-b563-14823eef01c2",
    "fields": {
        "uploaded_at": "2021-02-02T06:02:02.795Z",
        "user": "318f9fe5-75ac-4ef6-b605-d0f9a0752ce9",
        "src": "development/images/Screenshot_from_2021-02-01_18-08-46_xAjt2Jd.png"
    }
},
{
    "model": "media.image",
    "pk": "abbf2eec-9fcc-4ed2-b09d-6d0b02d517c2",
    "fields": {
        "uploaded_at": "2021-02-02T07:46:58.608Z",
        "user": "318f9fe5-75ac-4ef6-b605-d0f9a0752ce9",
        "src": "development/images/Screenshot_from_2021-02-02_07-13-10.png"
    }
},
{
    "model": "media.image",
    "pk": "ac9d76f3-d8cd-437b-af99-b7981d9437df",
    "fields": {
        "uploaded_at": "2021-02-01T08:49:34.461Z",
        "user": "318f9fe5-75ac-4ef6-b605-d0f9a0752ce9",
        "src": "development/images/zucker_hTAXzYX.png"
    }
},
{
    "model": "media.image",
    "pk": "ad5bc21a-c12e-4d5a-8add-92d1862eec2a",
    "fields": {
        "uploaded_at": "2021-02-07T19:16:58.089Z",
        "user": "318f9fe5-75ac-4ef6-b605-d0f9a0752ce9",
        "src": "development/images/ad5bc21a-c12e-4d5a-8add-92d1862eec2a/DSC_1137.jpg"
    }
},
{
    "model": "media.image",
    "pk": "b02b6151-9f03-438f-8c8d-1c3680a68d3b",
    "fields": {
        "uploaded_at": "2021-02-06T17:00:01.118Z",
        "user": "318f9fe5-75ac-4ef6-b605-d0f9a0752ce9",
        "src": "development/images/DSC_1137.jpg"
    }
},
{
    "model": "media.image",
    "pk": "b1d85a61-c626-445b-9d2e-2b925e253f15",
    "fields": {
        "uploaded_at": "2021-02-07T19:16:48.549Z",
        "user": "318f9fe5-75ac-4ef6-b605-d0f9a0752ce9",
        "src": "development/image/b1d85a61-c626-445b-9d2e-2b925e253f15/DSC_1137.jpg"
    }
},
{
    "model": "media.image",
    "pk": "b5fbaa3c-92b4-486c-b744-394f66173c1c",
    "fields": {
        "uploaded_at": "2021-01-31T10:41:26.443Z",
        "user": "0ddb5750-3159-48f9-90e6-10cfc581a7c3",
        "src": "development/images/hist.png"
    }
},
{
    "model": "media.image",
    "pk": "b9433a88-d04f-4d20-b06b-561e82f3855a",
    "fields": {
        "uploaded_at": "2021-02-06T21:35:07.381Z",
        "user": "318f9fe5-75ac-4ef6-b605-d0f9a0752ce9",
        "src": "development/images/DSC_1137_SXP9Eyr.jpg"
    }
},
{
    "model": "media.image",
    "pk": "bb88ece3-c7d8-4683-90ed-c673d2bafc5e",
    "fields": {
        "uploaded_at": "2021-02-06T16:55:17.219Z",
        "user": "a0dd12ad-6fbf-4743-813d-044a01899b67",
        "src": "development/images/screenshot.png"
    }
},
{
    "model": "media.image",
    "pk": "cd2018ce-d3c8-4575-ba2e-ac7f849b70df",
    "fields": {
        "uploaded_at": "2021-02-07T19:22:26.235Z",
        "user": "318f9fe5-75ac-4ef6-b605-d0f9a0752ce9",
        "src": "development/images/cd2018ce-d3c8-4575-ba2e-ac7f849b70df/screenshot.png"
    }
},
{
    "model": "media.image",
    "pk": "d258cd66-c1a6-43fd-bb2e-9ec9ddfaf7eb",
    "fields": {
        "uploaded_at": "2021-02-07T19:17:50.899Z",
        "user": "318f9fe5-75ac-4ef6-b605-d0f9a0752ce9",
        "src": "development/images/d258cd66-c1a6-43fd-bb2e-9ec9ddfaf7eb/screenshot.png"
    }
},
{
    "model": "media.image",
    "pk": "d8db3d6a-4143-461e-8fd6-71d0db797ad4",
    "fields": {
        "uploaded_at": "2021-02-06T17:01:05.625Z",
        "user": "318f9fe5-75ac-4ef6-b605-d0f9a0752ce9",
        "src": "development/images/DSC_1137_8b75BHt.jpg"
    }
},
{
    "model": "media.image",
    "pk": "db380030-281d-457c-8768-d8a375f130af",
    "fields": {
        "uploaded_at": "2021-02-02T05:57:56.642Z",
        "user": "318f9fe5-75ac-4ef6-b605-d0f9a0752ce9",
        "src": "development/images/Screenshot_from_2021-02-01_18-08-46_jv1BESo.png"
    }
},
{
    "model": "media.image",
    "pk": "de5a94d8-efd9-4a5e-9862-7cbaeb7c7a3a",
    "fields": {
        "uploaded_at": "2021-02-02T06:12:07.917Z",
        "user": "318f9fe5-75ac-4ef6-b605-d0f9a0752ce9",
        "src": "development/images/Screenshot_from_2021-02-01_18-08-46_oLI0vAv.png"
    }
},
{
    "model": "media.image",
    "pk": "f0d9fdc8-536d-48ba-96f4-577c2a1388f7",
    "fields": {
        "uploaded_at": "2021-02-02T19:53:24.606Z",
        "user": "318f9fe5-75ac-4ef6-b605-d0f9a0752ce9",
        "src": "development/images/Screenshot_from_2021-02-02_07-13-10_BR9mRHF.png"
    }
},
{
    "model": "media.imageattach",
    "pk": 5,
    "fields": {
        "content_type": 16,
        "object_id": 8,
        "file": "b5fbaa3c-92b4-486c-b744-394f66173c1c"
    }
},
{
    "model": "media.imageattach",
    "pk": 33,
    "fields": {
        "content_type": 16,
        "object_id": 9,
        "file": "570e564c-8d01-46b2-b176-5c14c789a42b"
    }
},
{
    "model": "media.imageattach",
    "pk": 34,
    "fields": {
        "content_type": 16,
        "object_id": 9,
        "file": "66344426-92cd-4111-ad15-1d2926c9334b"
    }
},
{
    "model": "media.imageattach",
    "pk": 35,
    "fields": {
        "content_type": 13,
        "object_id": 3,
        "file": "20869e7f-bc7c-4774-9e83-633bb6b500b6"
    }
},
{
    "model": "media.imageattach",
    "pk": 36,
    "fields": {
        "content_type": 13,
        "object_id": 6,
        "file": "db380030-281d-457c-8768-d8a375f130af"
    }
},
{
    "model": "media.imageattach",
    "pk": 38,
    "fields": {
        "content_type": 13,
        "object_id": 9,
        "file": "de5a94d8-efd9-4a5e-9862-7cbaeb7c7a3a"
    }
},
{
    "model": "media.imageattach",
    "pk": 40,
    "fields": {
        "content_type": 16,
        "object_id": 12,
        "file": "abbf2eec-9fcc-4ed2-b09d-6d0b02d517c2"
    }
},
{
    "model": "users.user",
    "pk": "0ddb5750-3159-48f9-90e6-10cfc581a7c3",
    "fields": {
        "password": "pbkdf2_sha256$216000$gv1rxcgtc2K8$SEYciHQSrtTASUDLaRAzYEKxsjlG8F9lTmWKCFjY0cA=",
        "last_login": null,
        "is_superuser": false,
        "email": "tom@hpi.de",
        "username": "tom",
        "is_staff": false,
        "is_active": true,
        "registered_at": "2021-01-30T16:18:31.457Z",
        "groups": [],
        "user_permissions": []
    }
},
{
    "model": "users.user",
    "pk": "318f9fe5-75ac-4ef6-b605-d0f9a0752ce9",
    "fields": {
        "password": "pbkdf2_sha256$216000$JVrjo0cWVOSU$XZrgDjReuc16/Undei+3K6pDm2zb7PonY2pA84I6nYE=",
        "last_login": "2021-03-14T23:15:33.304Z",
        "is_superuser": true,
        "email": "admin@hpi.de",
        "username": "admin",
        "is_staff": true,
        "is_active": true,
        "registered_at": "2021-01-30T06:31:40.050Z",
        "groups": [],
        "user_permissions": []
    }
},
{
    "model": "users.user",
    "pk": "54b466bc-8cd0-4d76-be07-2a5103740374",
    "fields": {
        "password": "pbkdf2_sha256$216000$gxHxQ2dnZsRg$i8zRGXw8biLzqMLRPwYAP7VNqHquiE9KkTg/SKpqO68=",
        "last_login": null,
        "is_superuser": false,
        "email": "t@hpi.de",
        "username": "t",
        "is_staff": false,
        "is_active": false,
        "registered_at": "2021-03-10T17:30:20.054Z",
        "groups": [],
        "user_permissions": []
    }
},
{
    "model": "users.user",
    "pk": "a0dd12ad-6fbf-4743-813d-044a01899b67",
    "fields": {
        "password": "pbkdf2_sha256$216000$ktblQP7gLMfz$yKMBth6vn7kcNmQAVAyXkr3snhzEZF2uytfqp8G+6bM=",
        "last_login": "2021-02-08T19:45:27.603Z",
        "is_superuser": false,
        "email": "abdu@hpi.de",
        "username": "abdu",
        "is_staff": false,
        "is_active": true,
        "registered_at": "2021-02-02T21:37:44.852Z",
        "groups": [],
        "user_permissions": []
    }
},
{
    "model": "users.blockeduser",
    "pk": 1,
    "fields": {
        "email": "blocked@hpi.de"
    }
},
{
    "model": "users.profile",
    "pk": 1,
    "fields": {
        "user": "318f9fe5-75ac-4ef6-b605-d0f9a0752ce9",
        "score": 0,
        "image": null
    }
},
{
    "model": "users.profile",
    "pk": 2,
    "fields": {
        "user": "0ddb5750-3159-48f9-90e6-10cfc581a7c3",
        "score": 22,
        "image": null
    }
},
{
    "model": "users.profile",
    "pk": 4,
    "fields": {
        "user": "a0dd12ad-6fbf-4743-813d-044a01899b67",
        "score": 20,
        "image": null
    }
},
{
    "model": "questions.comment",
    "pk": 2,
    "fields": {
        "body": "sdgfsdfsdsdfdf",
        "created_at": "2021-01-31T07:55:03.450Z",
        "updated_at": "2021-01-31T07:55:03.450Z",
        "user": "318f9fe5-75ac-4ef6-b605-d0f9a0752ce9",
        "content_type": 13,
        "object_id": 1
    }
},
{
    "model": "questions.comment",
    "pk": 3,
    "fields": {
        "body": "python ist cool",
        "created_at": "2021-02-02T20:22:55.452Z",
        "updated_at": "2021-02-08T20:00:02.811Z",
        "user": "318f9fe5-75ac-4ef6-b605-d0f9a0752ce9",
        "content_type": 15,
        "object_id": 1
    }
},
{
    "model": "questions.tag",
    "pk": 3,
    "fields": {
        "name": "lehrveranstaltung",
        "description": "Spezifisch zu einzelnen Lehrveranstaltungen",
        "parent": null,
        "lft": 1,
        "rght": 6,
        "tree_id": 3,
        "level": 0
    }
},
{
    "model": "questions.tag",
    "pk": 4,
    "fields": {
        "name": "organisation",
        "description": "Allgemeine Organisationsfragen",
        "parent": null,
        "lft": 1,
        "rght": 8,
        "tree_id": 4,
        "level": 0
    }
},
{
    "model": "questions.tag",
    "pk": 5,
    "fields": {
        "name": "studentenclubs",
        "description": "",
        "parent": 4,
        "lft": 4,
        "rght": 5,
        "tree_id": 4,
        "level": 1
    }
},
{
    "model": "questions.tag",
    "pk": 6,
    "fields": {
        "name": "studienreferat",
        "description": "",
        "parent": 4,
        "lft": 6,
        "rght": 7,
        "tree_id": 4,
        "level": 1
    }
},
{
    "model": "questions.tag",
    "pk": 7,
    "fields": {
        "name": "mensa",
        "description": "",
        "parent": 4,
        "lft": 2,
        "rght": 3,
        "tree_id": 4,
        "level": 1
    }
},
{
    "model": "questions.tag",
    "pk": 8,
    "fields": {
        "name": "mathe1",
        "description": "",
        "parent": 3,
        "lft": 2,
        "rght": 3,
        "tree_id": 3,
        "level": 1
    }
},
{
    "model": "questions.tag",
    "pk": 9,
    "fields": {
        "name": "ti1",
        "description": "",
        "parent": 3,
        "lft": 4,
        "rght": 5,
        "tree_id": 3,
        "level": 1
    }
},
{
    "model": "questions.tag",
    "pk": 12,
    "fields": {
        "name": "Qurry",
        "description": "",
        "parent": null,
        "lft": 1,
        "rght": 4,
        "tree_id": 5,
        "level": 0
    }
},
{
    "model": "questions.tag",
    "pk": 13,
    "fields": {
        "name": "Feature Request",
        "description": "",
        "parent": 12,
        "lft": 2,
        "rght": 3,
        "tree_id": 5,
        "level": 1
    }
},
{
    "model": "questions.question",
    "pk": 1,
    "fields": {
        "body": "yeehaa",
        "created_at": "2021-01-30T15:47:06.440Z",
        "updated_at": "2021-02-01T19:10:05.135Z",
        "user": "318f9fe5-75ac-4ef6-b605-d0f9a0752ce9",
        "title": "Question with some tags",
        "tags": [
            4,
            7,
            5
        ],
        "vote_up_users": [
            "0ddb5750-3159-48f9-90e6-10cfc581a7c3"
        ],
        "vote_down_users": []
    }
},
{
    "model": "questions.question",
    "pk": 2,
    "fields": {
        "body": "Here goes the content",
        "created_at": "2021-01-30T15:58:05.336Z",
        "updated_at": "2021-01-30T15:58:05.336Z",
        "user": "318f9fe5-75ac-4ef6-b605-d0f9a0752ce9",
        "title": "Question with some more tags and fun stuff",
        "tags": [],
        "vote_up_users": [
            "0ddb5750-3159-48f9-90e6-10cfc581a7c3"
        ],
        "vote_down_users": []
    }
},
{
    "model": "questions.question",
    "pk": 3,
    "fields": {
        "body": "this is great",
        "created_at": "2021-01-30T16:19:50.501Z",
        "updated_at": "2021-01-30T16:19:50.501Z",
        "user": "0ddb5750-3159-48f9-90e6-10cfc581a7c3",
        "title": "Hello from tom",
        "tags": [
            3,
            9
        ],
        "vote_up_users": [],
        "vote_down_users": [
            "318f9fe5-75ac-4ef6-b605-d0f9a0752ce9"
        ]
    }
},
{
    "model": "questions.question",
    "pk": 7,
    "fields": {
        "body": "hehehe",
        "created_at": "2021-01-31T07:49:02.067Z",
        "updated_at": "2021-01-31T07:51:22.910Z",
        "user": "318f9fe5-75ac-4ef6-b605-d0f9a0752ce9",
        "title": "This is really awesome1212",
        "tags": [
            4
        ],
        "vote_up_users": [],
        "vote_down_users": []
    }
},
{
    "model": "questions.question",
    "pk": 8,
    "fields": {
        "body": "Schau dir dieses Diagramm an:\n\n![hello](1)\n\nUnd wie ist das?\n\n![hello](https://icatcare.org/app/uploads/2018/07/Thinking-of-getting-a-cat.png)",
        "created_at": "2021-01-31T10:42:08.469Z",
        "updated_at": "2021-01-31T10:49:39.434Z",
        "user": "0ddb5750-3159-48f9-90e6-10cfc581a7c3",
        "title": "Look at this with images",
        "tags": [],
        "vote_up_users": [],
        "vote_down_users": []
    }
},
{
    "model": "questions.question",
    "pk": 9,
    "fields": {
        "body": "Look at this Plot:\n\n![Pie chart](1)\n\n![Pie chart](https://upload.wikimedia.org/wikipedia/commons/0/0b/Cat_poster_1.jpg)\n\n![Pie chart](https://upload.wikimedia.org/wikipedia/commons/0/0b/Cat_poster_1.jp)\n\n![Peter die Katze](2) ![Pie chart](12)",
        "created_at": "2021-02-01T09:32:17.418Z",
        "updated_at": "2021-02-01T18:26:04.289Z",
        "user": "318f9fe5-75ac-4ef6-b605-d0f9a0752ce9",
        "title": "Try tags",
        "tags": [
            3,
            9
        ],
        "vote_up_users": [],
        "vote_down_users": []
    }
},
{
    "model": "questions.question",
    "pk": 10,
    "fields": {
        "body": "testimage bug",
        "created_at": "2021-02-02T05:57:26.066Z",
        "updated_at": "2021-02-02T05:57:26.066Z",
        "user": "318f9fe5-75ac-4ef6-b605-d0f9a0752ce9",
        "title": "testimage bug",
        "tags": [],
        "vote_up_users": [],
        "vote_down_users": []
    }
},
{
    "model": "questions.question",
    "pk": 11,
    "fields": {
        "body": "test",
        "created_at": "2021-02-02T05:59:38.029Z",
        "updated_at": "2021-02-02T05:59:38.029Z",
        "user": "318f9fe5-75ac-4ef6-b605-d0f9a0752ce9",
        "title": "test",
        "tags": [],
        "vote_up_users": [],
        "vote_down_users": []
    }
},
{
    "model": "questions.question",
    "pk": 12,
    "fields": {
        "body": "ddddddsdfsdfddddfasdf $a+b$ sdfsdfasdf $a \\in \\mathbb{N}$ <html>`<h1>Hello</h1>` <python>`print(12)` sdfsdfsadf\nHow about ![my test](1) sdfdsdfsdf ![my test](1)sdfsdfsd $a+b$",
        "created_at": "2021-02-02T07:53:25.940Z",
        "updated_at": "2021-02-02T08:03:09.519Z",
        "user": "318f9fe5-75ac-4ef6-b605-d0f9a0752ce9",
        "title": "Look at this Question without",
        "tags": [],
        "vote_up_users": [],
        "vote_down_users": []
    }
},
{
    "model": "questions.question",
    "pk": 13,
    "fields": {
        "body": "was ist COOL?",
        "created_at": "2021-02-02T20:23:43.379Z",
        "updated_at": "2021-02-02T20:23:43.379Z",
        "user": "318f9fe5-75ac-4ef6-b605-d0f9a0752ce9",
        "title": "python oder c++?",
        "tags": [],
        "vote_up_users": [],
        "vote_down_users": []
    }
},
{
    "model": "questions.question",
    "pk": 14,
    "fields": {
        "body": "abdu",
        "created_at": "2021-02-02T21:38:07.882Z",
        "updated_at": "2021-02-02T21:38:07.882Z",
        "user": "a0dd12ad-6fbf-4743-813d-044a01899b67",
        "title": "abdu",
        "tags": [],
        "vote_up_users": [
            "318f9fe5-75ac-4ef6-b605-d0f9a0752ce9"
        ],
        "vote_down_users": []
    }
},
{
    "model": "questions.question",
    "pk": 15,
    "fields": {
        "body": "body",
        "created_at": "2021-03-10T15:42:27.855Z",
        "updated_at": "2021-03-10T15:42:27.855Z",
        "user": "318f9fe5-75ac-4ef6-b605-d0f9a0752ce9",
        "title": "test",
        "tags": [],
        "vote_up_users": [],
        "vote_down_users": []
    }
},
{
    "model": "questions.question",
    "pk": 16,
    "fields": {
        "body": "body",
        "created_at": "2021-03-10T16:18:13.841Z",
        "updated_at": "2021-03-10T16:18:13.841Z",
        "user": "318f9fe5-75ac-4ef6-b605-d0f9a0752ce9",
        "title": "test",
        "tags": [],
        "vote_up_users": [],
        "vote_down_users": []
    }
},
{
    "model": "questions.answer",
    "pk": 1,
    "fields": {
        "body": "Woww how possibleasdfasdfaasdfasdf",
        "created_at": "2021-01-31T07:52:47.021Z",
        "updated_at": "2021-01-31T07:54:57.296Z",
        "user": "318f9fe5-75ac-4ef6-b605-d0f9a0752ce9",
        "question": 7,
        "vote_up_users": [],
        "vote_down_users": []
    }
},
{
    "model": "questions.answer",
    "pk": 2,
    "fields": {
        "body": "This is great!",
        "created_at": "2021-02-02T05:48:18.880Z",
        "updated_at": "2021-02-02T05:48:18.880Z",
        "user": "318f9fe5-75ac-4ef6-b605-d0f9a0752ce9",
        "question": 9,
        "vote_up_users": [],
        "vote_down_users": []
    }
},
{
    "model": "questions.answer",
    "pk": 3,
    "fields": {
        "body": "Look at my Image ![abc](1) and admire it",
        "created_at": "2021-02-02T05:49:28.986Z",
        "updated_at": "2021-02-02T05:49:28.986Z",
        "user": "318f9fe5-75ac-4ef6-b605-d0f9a0752ce9",
        "question": 9,
        "vote_up_users": [],
        "vote_down_users": []
    }
},
{
    "model": "questions.answer",
    "pk": 4,
    "fields": {
        "body": "Heheheee sdfsd",
        "created_at": "2021-02-02T05:51:13.721Z",
        "updated_at": "2021-02-02T05:51:13.721Z",
        "user": "318f9fe5-75ac-4ef6-b605-d0f9a0752ce9",
        "question": 9,
        "vote_up_users": [],
        "vote_down_users": []
    }
},
{
    "model": "questions.answer",
    "pk": 5,
    "fields": {
        "body": "Heheyyyyyyyyy",
        "created_at": "2021-02-02T05:57:36.145Z",
        "updated_at": "2021-02-02T05:57:36.145Z",
        "user": "318f9fe5-75ac-4ef6-b605-d0f9a0752ce9",
        "question": 10,
        "vote_up_users": [],
        "vote_down_users": []
    }
},
{
    "model": "questions.answer",
    "pk": 6,
    "fields": {
        "body": "heyyyyyyyyyyyyyyyyyy",
        "created_at": "2021-02-02T05:58:09.545Z",
        "updated_at": "2021-02-02T05:58:09.545Z",
        "user": "318f9fe5-75ac-4ef6-b605-d0f9a0752ce9",
        "question": 10,
        "vote_up_users": [],
        "vote_down_users": []
    }
},
{
    "model": "questions.answer",
    "pk": 8,
    "fields": {
        "body": "helleo",
        "created_at": "2021-02-02T06:11:34.747Z",
        "updated_at": "2021-02-02T06:11:34.747Z",
        "user": "318f9fe5-75ac-4ef6-b605-d0f9a0752ce9",
        "question": 11,
        "vote_up_users": [],
        "vote_down_users": []
    }
},
{
    "model": "questions.answer",
    "pk": 9,
    "fields": {
        "body": "helleo ![testing](1) and more ![testing](12)!\n\n![my tree](https://arbordayblog.org/wp-content/uploads/2018/06/oak-tree-sunset-iStock-477164218-1080x608.jpg)\n\n\n\n\n\nyehaaa",
        "created_at": "2021-02-02T06:12:35.378Z",
        "updated_at": "2021-02-02T06:27:38.917Z",
        "user": "318f9fe5-75ac-4ef6-b605-d0f9a0752ce9",
        "question": 11,
        "vote_up_users": [],
        "vote_down_users": []
    }
},
{
    "model": "questions.answer",
    "pk": 10,
    "fields": {
        "body": "sdfsdfsdfasdfsa $a+b$sdfs",
        "created_at": "2021-02-02T08:05:29.009Z",
        "updated_at": "2021-02-02T08:05:29.009Z",
        "user": "318f9fe5-75ac-4ef6-b605-d0f9a0752ce9",
        "question": 1,
        "vote_up_users": [],
        "vote_down_users": []
    }
},
{
    "model": "questions.answer",
    "pk": 11,
    "fields": {
        "body": "c++ ist cool",
        "created_at": "2021-02-02T20:23:06.325Z",
        "updated_at": "2021-02-02T20:23:06.325Z",
        "user": "318f9fe5-75ac-4ef6-b605-d0f9a0752ce9",
        "question": 1,
        "vote_up_users": [],
        "vote_down_users": []
    }
}
]
